location,avg_temperature,avg_humidity
BuildingB_Floor1,25.582380952380948,54.13726190476192
BuildingB_Floor2,25.157132075471694,57.09124528301883
BuildingA_Floor1,25.1387398373984,55.15703252032518
BuildingA_Floor2,24.485780590717294,55.108734177215226
