sensor_id,avg_temp,rank_temp
1050,31.244000000000007,1
1048,31.19,2
1052,28.860000000000007,3
1088,28.687142857142856,4
1008,28.423333333333336,5
